name,20082009g,20082009p,20082009i,20082010g,20082010p,20082010i,20082011g,20082011p,20082011i,20082012g,20082012p,20082012i,20082013g,20082013p,20082013i,20092008g,20092008p,20092008i,20092010g,20092010p,20092010i,20092011g,20092011p,20092011i,20092012g,20092012p,20092012i,20092013g,20092013p,20092013i,20102008g,20102008p,20102008i,20102009g,20102009p,20102009i,20102011g,20102011p,20102011i,20102012g,20102012p,20102012i,20102013g,20102013p,20102013i,20112008g,20112008p,20112008i,20112009g,20112009p,20112009i,20112010g,20112010p,20112010i,20112012g,20112012p,20112012i,20112013g,20112013p,20112013i,20122008g,20122008p,20122008i,20122009g,20122009p,20122009i,20122010g,20122010p,20122010i,20122011g,20122011p,20122011i,20122013g,20122013p,20122013i,20132008g,20132008p,20132008i,20132009g,20132009p,20132009i,20132010g,20132010p,20132010i,20132011g,20132011p,20132011i,20132012g,20132012p,20132012i
"Halladay,Roy",0.731277963235,0.62978804789,0.757562353027,0.574374104601,0.597783067944,0.786819298388,0.596425036894,0.681615832838,0.480312887235,0.705219433491,0.586294052009,0.635343408417,0.837638724221,0.8843367084,0.895347179564,0.652434548439,0.559934655385,0.613968728809,0.511329469336,0.704227769187,0.786819298388,0.588398155847,0.592386628911,0.480312887235,0.610633660448,0.802843528111,0.635343408417,0.828814205166,0.761631188221,0.895347179564,0.652434548439,0.673722928835,0.613968728809,0.682897793256,0.757528289028,0.757562353027,0.588398155847,0.566872233381,0.480312887235,0.610633660448,0.549721705648,0.635343408417,0.828814205166,0.873411477719,0.895347179564,0.652434548439,0.665139135712,0.613968728809,0.682897793256,0.70012050174,0.757562353027,0.511329469336,0.651963133905,0.786819298388,0.610633660448,0.709909584808,0.635343408417,0.828814205166,0.896682440887,0.895347179564,0.652434548439,0.541746382663,0.613968728809,0.682897793256,0.666745385085,0.757562353027,0.511329469336,0.582916668689,0.786819298388,0.588398155847,0.585155664912,0.480312887235,0.828814205166,0.714399747901,0.895347179564,0.652434548439,0.707229495594,0.613968728809,0.682897793256,0.670274125067,0.757562353027,0.511329469336,0.59767858386,0.786819298388,0.588398155847,0.563512764832,0.480312887235,0.610633660448,0.603359343608,0.635343408417
"Lee,Cliff",0.750225697862,0.753695750495,0.722143253676,0.707062734796,0.720739802171,0.584021805395,0.640741088486,0.592980159575,0.514556975558,0.687877290991,0.749043763574,0.708471024115,0.58068490673,0.573714984758,0.656772059777,0.633182789636,0.580269989965,0.545269440444,0.59353989306,0.527219648852,0.584021805395,0.546742542143,0.550114616503,0.514556975558,0.724587214944,0.738431860814,0.708471024115,0.579773165538,0.591240371102,0.656772059777,0.633182789636,0.689752142809,0.545269440444,0.743729267207,0.606261220594,0.722143253676,0.546742542143,0.592540749901,0.514556975558,0.724587214944,0.700770181271,0.708471024115,0.579773165538,0.60092950561,0.656772059777,0.633182789636,0.669909562238,0.545269440444,0.743729267207,0.520015813343,0.722143253676,0.59353989306,0.731303669009,0.584021805395,0.724587214944,0.733893472589,0.708471024115,0.579773165538,0.700963261649,0.656772059777,0.633182789636,0.700047118638,0.545269440444,0.743729267207,0.6681926785,0.722143253676,0.59353989306,0.652230282029,0.584021805395,0.546742542143,0.660955949206,0.514556975558,0.579773165538,0.626162844175,0.656772059777,0.633182789636,0.520200187676,0.545269440444,0.743729267207,0.672157869652,0.722143253676,0.59353989306,0.631637310697,0.584021805395,0.546742542143,0.569869018117,0.514556975558,0.724587214944,0.689675396553,0.708471024115
"Hamels,Cole",0.777681089835,0.777681089835,0.829653762364,0.79782051033,0.79782051033,0.77493935956,0.710551551365,0.710551551365,0.756566125714,0.772495821254,0.772495821254,0.78878605828,0.838188463711,0.838188463711,0.792136575243,0.715902000808,0.5359179338,0.662448634688,0.82314719175,0.553841601935,0.77493935956,0.64514182555,0.526879259338,0.756566125714,0.765780766775,0.552574208292,0.78878605828,1.0713944566,0.594068161554,0.792136575243,0.715902000808,0.745696214632,0.662448634688,0.71752733834,0.664734805937,0.829653762364,0.64514182555,0.678359573719,0.756566125714,0.765780766775,0.669700241841,0.78878605828,1.0713944566,0.768775354655,0.792136575243,0.715902000808,0.662448634688,0.662448634688,0.71752733834,0.829653762364,0.829653762364,0.82314719175,0.77493935956,0.77493935956,0.765780766775,0.78878605828,0.78878605828,1.0713944566,0.792136575243,0.792136575243,0.715902000808,0.710381282825,0.662448634688,0.71752733834,0.757712644797,0.829653762364,0.82314719175,0.774272010922,0.77493935956,0.64514182555,0.738163172266,0.756566125714,1.0713944566,0.839695650185,0.792136575243,0.715902000808,0.715902000808,0.662448634688,0.71752733834,0.71752733834,0.829653762364,0.82314719175,0.82314719175,0.77493935956,0.64514182555,0.64514182555,0.756566125714,0.765780766775,0.765780766775,0.78878605828
"Lester,Jon",0.75327056343,0.76236420933,0.716558674617,0.812757276981,0.871633321608,0.661820264881,0.810072491413,0.743062750845,0.746413094474,0.818699268656,0.8467131312,0.76500378576,0.769116576739,0.785988307207,0.742716798253,0.738596701922,0.744004560544,0.665672176569,0.807521180285,0.6565676096,0.661820264881,0.664343917245,0.747084457042,0.746413094474,0.775212278818,0.67240171486,0.76500378576,0.624230471314,0.717893942001,0.742716798253,0.738596701922,0.735766670331,0.665672176569,0.74713382814,0.717156040256,0.716558674617,0.664343917245,0.677434795611,0.746413094474,0.775212278818,0.825919846148,0.76500378576,0.624230471314,0.798707845423,0.742716798253,0.738596701922,0.852148280583,0.665672176569,0.74713382814,0.75327056343,0.716558674617,0.807521180285,0.812757276981,0.661820264881,0.775212278818,0.818699268656,0.76500378576,0.624230471314,0.769116576739,0.742716798253,0.738596701922,0.85473909321,0.665672176569,0.74713382814,0.685474314943,0.716558674617,0.807521180285,0.848640729809,0.661820264881,0.664343917245,0.600211983312,0.746413094474,0.624230471314,0.657303632131,0.742716798253,0.738596701922,0.728952516727,0.665672176569,0.74713382814,0.723989165084,0.716558674617,0.807521180285,0.962298925845,0.661820264881,0.664343917245,0.668944411741,0.746413094474,0.775212278818,0.816405227144,0.76500378576
"Greinke,Zack",0.700851147027,0.617359061832,0.715653980751,0.731301013191,0.833133760884,0.744415466311,0.700660996448,0.768267286884,0.679695232967,0.679931485897,0.598146875851,0.678349826144,0.838365987546,0.829430611476,0.724419894833,0.769789010967,0.703280635016,0.712064560383,0.579642989562,0.717813223249,0.744415466311,0.944599763465,0.798569930944,0.679695232967,0.599409741123,0.633477161758,0.678349826144,0.790202410518,0.742314469042,0.724419894833,0.769789010967,0.94146393488,0.712064560383,0.626604652259,0.617359061832,0.715653980751,0.944599763465,0.768267286884,0.679695232967,0.599409741123,0.598146875851,0.678349826144,0.790202410518,0.829430611476,0.724419894833,0.769789010967,0.749719057091,0.712064560383,0.626604652259,0.602383198064,0.715653980751,0.579642989562,0.563749119044,0.744415466311,0.599409741123,0.607123800311,0.678349826144,0.790202410518,0.725890626074,0.724419894833,0.769789010967,0.671766801597,0.712064560383,0.626604652259,0.662982419226,0.715653980751,0.579642989562,0.689520225181,0.744415466311,0.944599763465,0.656219433405,0.679695232967,0.790202410518,0.7236774228,0.724419894833,0.769789010967,0.914525721456,0.712064560383,0.626604652259,0.552927575822,0.715653980751,0.579642989562,0.746553056934,0.744415466311,0.944599763465,0.621217582212,0.679695232967,0.599409741123,0.508547141655,0.678349826144
"Lincecum,Tim",0.722795617471,0.700489659136,0.668844009366,0.792018611498,0.7492452855,0.660806032958,0.792352182106,0.808147034566,0.738275731926,0.841049638286,0.793634229854,0.773675217496,0.790634698517,0.7444259772,0.722659628157,0.777507107828,0.784669993644,0.637118446999,0.661296320384,0.792018611498,0.660806032958,0.891251346794,0.792352182106,0.738275731926,0.74509251218,0.841049638286,0.773675217496,0.74228339936,0.790634698517,0.722659628157,0.777507107828,0.599527476392,0.637118446999,0.613045394769,0.590580009242,0.668844009366,0.891251346794,0.643744299841,0.738275731926,0.74509251218,0.851070053353,0.773675217496,0.74228339936,0.722157287484,0.722659628157,0.777507107828,0.608517989207,0.637118446999,0.613045394769,0.575317613143,0.668844009366,0.661296320384,0.719436137822,0.660806032958,0.74509251218,0.953475017528,0.773675217496,0.74228339936,0.689396936636,0.722659628157,0.777507107828,0.640547945733,0.637118446999,0.613045394769,0.680734918961,0.668844009366,0.661296320384,0.854418481055,0.660806032958,0.891251346794,0.818905401438,0.738275731926,0.74228339936,0.729583445129,0.722659628157,0.777507107828,0.740110618019,0.637118446999,0.613045394769,0.590057410664,0.668844009366,0.661296320384,0.674805868787,0.660806032958,0.891251346794,0.585331118059,0.738275731926,0.74509251218,0.763448577169,0.773675217496
"Sabathia,CC",0.81955424198,0.803126899443,0.640453328863,0.813341300171,0.815042650995,0.719996644087,0.773528641846,0.74656661339,0.770943274578,0.783645525454,0.760223321386,0.755750430482,0.81570938932,0.872823758234,0.72777339413,0.596936006169,0.532128691274,0.655915724219,0.614970565966,0.865738491793,0.719996644087,0.769822603881,0.745755770103,0.770943274578,1.07330926275,0.619348958806,0.755750430482,0.764520931136,0.82981867472,0.72777339413,0.596936006169,0.532128691274,0.655915724219,0.812822920035,0.858141021787,0.640453328863,0.769822603881,0.745755770103,0.770943274578,1.07330926275,0.619348958806,0.755750430482,0.764520931136,0.82981867472,0.72777339413,0.596936006169,0.754539511807,0.655915724219,0.812822920035,0.744698338503,0.640453328863,0.614970565966,0.7548857656,0.719996644087,1.07330926275,0.808107221076,0.755750430482,0.764520931136,0.796789704617,0.72777339413,0.596936006169,0.596936006169,0.655915724219,0.812822920035,0.812822920035,0.640453328863,0.614970565966,0.614970565966,0.719996644087,0.769822603881,0.769822603881,0.770943274578,0.764520931136,0.764520931136,0.72777339413,0.596936006169,0.712613112168,0.655915724219,0.812822920035,0.82255386028,0.640453328863,0.614970565966,0.83923243971,0.719996644087,0.769822603881,0.734246086512,0.770943274578,1.07330926275,0.681579215955,0.755750430482
"Santana,Johan",0.858371114866,0.753824701857,0.795451142236,0.847983369179,0.617145644422,0.73308080496,,,,0.809734478903,0.7547053709,0.77690412157,,,,0.770861938404,0.696172089909,0.625940299748,0.696387980995,0.81954376003,0.73308080496,,,,0.998472654303,0.873976569843,0.77690412157,,,,0.770861938404,0.778733874033,0.625940299748,0.808198457416,0.858371114866,0.795451142236,,,,0.998472654303,0.809734478903,0.77690412157,,,,0.770861938404,,0.625940299748,0.808198457416,,0.795451142236,0.696387980995,,0.73308080496,0.998472654303,,0.77690412157,,,,0.770861938404,0.6704103121,0.625940299748,0.808198457416,0.727726670485,0.795451142236,0.696387980995,0.611421610365,0.73308080496,,,,,,,0.770861938404,,0.625940299748,0.808198457416,,0.795451142236,0.696387980995,,0.73308080496,,,,0.998472654303,,0.77690412157
"Hernandez,Felix",0.793093198931,0.72602618462,0.622017304722,0.830395107659,0.686745952377,0.77417153693,0.75834434662,0.725998363515,0.667383956808,0.788867319324,0.63727234438,0.774396132467,0.745045520464,0.706192484862,0.788884556324,0.749628880703,0.749628880703,0.714008891144,0.830350715621,0.830350715621,0.77417153693,0.752659931166,0.752659931166,0.667383956808,0.734884648657,0.734884648657,0.774396132467,0.949063574076,0.949063574076,0.788884556324,0.749628880703,0.61691099269,0.714008891144,0.90154376729,0.767566164462,0.622017304722,0.752659931166,0.581247455681,0.667383956808,0.734884648657,0.618431927481,0.774396132467,0.949063574076,0.971693934569,0.788884556324,0.749628880703,0.932869591127,0.714008891144,0.90154376729,0.790376242832,0.622017304722,0.830350715621,0.797930517403,0.77417153693,0.734884648657,0.721575265322,0.774396132467,0.949063574076,0.758864972806,0.788884556324,0.749628880703,0.671117434392,0.714008891144,0.90154376729,0.66778548386,0.622017304722,0.830350715621,0.563480632357,0.77417153693,0.752659931166,0.710820628013,0.667383956808,0.949063574076,0.803753125645,0.788884556324,0.749628880703,0.581189361927,0.714008891144,0.90154376729,0.703601709884,0.622017304722,0.830350715621,0.739892889611,0.77417153693,0.752659931166,0.569445789814,0.667383956808,0.734884648657,0.684692071746,0.774396132467
"Billingsley,Chad",0.868063207054,0.868063207054,0.724138110114,0.7675957691,0.7675957691,0.655717557011,0.822948491256,0.822948491256,0.704513912642,0.849443139663,0.849443139663,0.687949530216,1.0,1.0,0.754751131222,0.78888467248,0.793067288668,0.75228315404,0.831673187868,0.7675957691,0.655717557011,0.7106094825,0.822948491256,0.704513912642,0.772748249579,0.849443139663,0.687949530216,0.788235294118,1.0,0.754751131222,0.78888467248,0.729972914867,0.75228315404,0.86375305279,0.734445561325,0.724138110114,0.7106094825,0.667848712373,0.704513912642,0.772748249579,0.900109710552,0.687949530216,0.788235294118,0.943438914027,0.754751131222,0.78888467248,0.786466199061,0.75228315404,0.86375305279,0.848552231152,0.724138110114,0.831673187868,0.754841166125,0.655717557011,0.772748249579,0.741687190329,0.687949530216,0.788235294118,1.0,0.754751131222,0.78888467248,0.742066607043,0.75228315404,0.86375305279,0.758853734021,0.724138110114,0.831673187868,0.774204808403,0.655717557011,0.7106094825,0.779267863348,0.704513912642,0.788235294118,1.19049773756,0.754751131222,0.78888467248,0.655234903032,0.75228315404,0.86375305279,0.596676409038,0.724138110114,0.831673187868,0.551898003619,0.655717557011,0.7106094825,0.585528839616,0.704513912642,0.772748249579,0.616311893428,0.687949530216
"Weaver,Jered",0.843433234276,0.671402025055,0.795585360742,0.737650279769,0.483427700831,0.742512063513,0.743824234613,0.685273075451,0.598933487647,0.751853594512,0.668623850922,0.556734019937,0.805039438675,0.680742548969,0.73994404027,0.77469960043,0.773215279555,0.732650986721,0.735541952647,0.713204862437,0.742512063513,0.739650034602,0.758413068705,0.598933487647,0.943862277004,0.587888720678,0.556734019937,0.65211739905,0.790174665233,0.73994404027,0.77469960043,0.763354329724,0.732650986721,0.847224788769,0.83676066403,0.795585360742,0.739650034602,0.711696530205,0.598933487647,0.943862277004,0.633450666551,0.556734019937,0.65211739905,0.741718183449,0.73994404027,0.77469960043,0.773215279555,0.732650986721,0.847224788769,0.900856894492,0.795585360742,0.735541952647,0.713204862437,0.742512063513,0.943862277004,0.587888720678,0.556734019937,0.65211739905,0.790174665233,0.73994404027,0.77469960043,0.750904139612,0.732650986721,0.847224788769,0.805690407775,0.795585360742,0.735541952647,0.710261716386,0.742512063513,0.739650034602,0.685185387445,0.598933487647,0.65211739905,0.701175937132,0.73994404027,0.77469960043,0.755235208955,0.732650986721,0.847224788769,0.801898853282,0.795585360742,0.735541952647,0.712370043507,0.742512063513,0.739650034602,0.689359587456,0.598933487647,0.943862277004,0.785987515054,0.556734019937
"Kershaw,Clayton",0.843683432918,0.382437789701,0.661343800949,0.765327528141,0.556932787284,0.67042619083,0.816854959091,0.550781476884,0.672188949646,0.810780585974,0.547822063448,0.68561987262,0.724669129864,0.377812644254,0.681419837171,1.14535671717,1.14535671717,0.771677617448,0.699362245374,0.699362245374,0.67042619083,0.718613313893,0.718613313893,0.672188949646,0.845344786273,0.845344786273,0.68561987262,0.587998878209,0.587998878209,0.681419837171,1.14535671717,0.809311045742,0.771677617448,0.893459341258,0.843683432918,0.661343800949,0.718613313893,0.816854959091,0.672188949646,0.845344786273,0.810780585974,0.68561987262,0.587998878209,0.724669129864,0.681419837171,1.14535671717,0.809311045742,0.771677617448,0.893459341258,0.843683432918,0.661343800949,0.699362245374,0.765327528141,0.67042619083,0.845344786273,0.810780585974,0.68561987262,0.587998878209,0.724669129864,0.681419837171,1.14535671717,1.14535671717,0.771677617448,0.893459341258,0.893459341258,0.661343800949,0.699362245374,0.699362245374,0.67042619083,0.718613313893,0.718613313893,0.672188949646,0.587998878209,0.587998878209,0.681419837171,1.14535671717,0.773161772042,0.771677617448,0.893459341258,0.721925843624,0.661343800949,0.699362245374,0.688301701012,0.67042619083,0.718613313893,0.778743901266,0.672188949646,0.845344786273,0.758592520553,0.68561987262
"Carpenter,Chris",0.762810242603,0.529122106026,0.633077212577,0.768845455774,0.799107691253,0.723222990476,0.808624727728,0.707696578493,0.621444208647,0.814916033058,1.25922093664,0.901404033058,,,,0.950031844539,0.738391554532,0.685603676193,0.989795099561,0.789255608538,0.723222990476,1.11706621506,1.08362047069,0.621444208647,0.654916033058,0.456666033058,0.901404033058,,,,0.950031844539,1.31157660093,0.685603676193,0.92115873035,0.7629537145,0.633077212577,1.11706621506,1.15479512332,0.621444208647,0.654916033058,0.463096286501,0.901404033058,,,,0.950031844539,1.31157660093,0.685603676193,0.92115873035,0.7629537145,0.633077212577,0.989795099561,1.10008585181,0.723222990476,0.654916033058,0.463096286501,0.901404033058,,,,0.950031844539,1.02440828402,0.685603676193,0.92115873035,0.549523342531,0.633077212577,0.989795099561,0.692903223045,0.723222990476,1.11706621506,0.581914143392,0.621444208647,,,,0.950031844539,,0.685603676193,0.92115873035,,0.633077212577,0.989795099561,,0.723222990476,1.11706621506,,0.621444208647,0.654916033058,,0.901404033058
"Garza,Matt",0.792720229779,0.792720229779,0.628060455521,0.804418559042,0.804418559042,0.659474468864,0.846880184877,0.846880184877,0.819585424117,0.789459197833,0.789459197833,0.715452802644,0.826020435443,0.826020435443,0.895785372146,0.764816212611,0.639599633489,0.625524469807,0.793398348723,0.845600964247,0.659474468864,0.762322376694,0.849595471725,0.819585424117,0.666740276062,0.68721012592,0.715452802644,0.676049168558,0.738882284234,0.895785372146,0.764816212611,0.623985231311,0.625524469807,0.758900702101,0.748440603002,0.628060455521,0.762322376694,0.489480171704,0.819585424117,0.666740276062,0.449867400505,0.715452802644,0.676049168558,0.401013223768,0.895785372146,0.764816212611,0.602655690079,0.625524469807,0.758900702101,0.709272336368,0.628060455521,0.793398348723,0.673984437074,0.659474468864,0.666740276062,0.743395231781,0.715452802644,0.676049168558,0.766397347962,0.895785372146,0.764816212611,0.62150577997,0.625524469807,0.758900702101,0.596967388294,0.628060455521,0.793398348723,0.699944747765,0.659474468864,0.762322376694,0.688111852159,0.819585424117,0.676049168558,0.587242895607,0.895785372146,0.764816212611,0.620573231692,0.625524469807,0.758900702101,0.613490956129,0.628060455521,0.793398348723,0.635218993626,0.659474468864,0.762322376694,0.782178620981,0.819585424117,0.666740276062,0.709900612696,0.715452802644
"Wainwright,Adam",0.706410360102,0.662387957713,0.698351516942,0.736053284238,0.609825965563,0.597279830484,,,,0.766273042391,0.825815344384,0.77172753992,0.627595032303,0.593605147371,0.657531398386,0.5959322784,0.403804405303,0.63820846221,0.728090084239,0.698617287249,0.597279830484,,,,0.629828869158,0.421184292642,0.77172753992,0.544445558501,0.471023658244,0.657531398386,0.5959322784,0.632791464343,0.63820846221,0.757264429526,0.674643960183,0.698351516942,,,,0.629828869158,0.690254348268,0.77172753992,0.544445558501,0.528674422409,0.657531398386,0.5959322784,,0.63820846221,0.757264429526,,0.698351516942,0.728090084239,,0.597279830484,0.629828869158,,0.77172753992,0.544445558501,,0.657531398386,0.5959322784,0.907545220571,0.63820846221,0.757264429526,0.69575877177,0.698351516942,0.728090084239,0.654703480214,0.597279830484,,,,0.544445558501,0.559314377657,0.657531398386,0.5959322784,0.607145000351,0.63820846221,0.757264429526,0.523441474595,0.698351516942,0.728090084239,0.458024860967,0.597279830484,,,,0.629828869158,0.622432532008,0.77172753992
"Jimenez,Ubaldo",0.793837470721,0.742542330116,0.739259358074,0.815252684108,0.7280216724,0.717477882199,0.826512400549,0.78495364146,0.846869242644,0.857776578332,0.831015718351,0.758317181544,0.791744525803,0.810523407743,0.719392723149,0.700172370355,0.847486754262,0.767327983023,0.665527975083,0.752360269782,0.717477882199,1.04043143389,0.811196990962,0.846869242644,0.809904192566,0.788946995737,0.758317181544,0.711966240302,0.809497801791,0.719392723149,0.700172370355,0.906710280902,0.767327983023,0.715849004668,0.699390246317,0.739259358074,1.04043143389,0.794781080142,0.846869242644,0.809904192566,0.81311699003,0.758317181544,0.711966240302,0.6586281788,0.719392723149,0.700172370355,0.607523759397,0.767327983023,0.715849004668,0.64544952075,0.739259358074,0.665527975083,0.629121648407,0.717477882199,0.809904192566,0.773520580918,0.758317181544,0.711966240302,0.609209062038,0.719392723149,0.700172370355,0.630481597871,0.767327983023,0.715849004668,0.6112207913,0.739259358074,0.665527975083,0.606682965157,0.717477882199,1.04043143389,0.676136309031,0.846869242644,0.711966240302,0.608470514062,0.719392723149,0.700172370355,0.951779445366,0.767327983023,0.715849004668,0.742542330116,0.739259358074,0.665527975083,0.7280216724,0.717477882199,1.04043143389,0.78495364146,0.846869242644,0.809904192566,0.831015718351,0.758317181544
"Cain,Matt",0.783372272041,0.902138397119,0.766808456644,0.811165822912,0.607143485199,0.671000735478,0.884539731432,0.8498780837,0.722547849274,0.732069580911,0.850678945814,0.75015489327,0.801351407769,0.750552543016,0.733607929623,0.899609582248,0.75871411659,0.850322298877,0.715962216284,0.584438852641,0.671000735478,0.92864406047,0.508472851473,0.722547849274,0.874739757821,0.696953704891,0.75015489327,0.793569516558,0.730892653376,0.733607929623,0.899609582248,0.723716016,0.850322298877,0.868220748619,0.76602877085,0.766808456644,0.92864406047,0.70243208274,0.722547849274,0.874739757821,0.60255910997,0.75015489327,0.793569516558,0.690490696496,0.733607929623,0.899609582248,0.899609582248,0.850322298877,0.868220748619,0.868220748619,0.766808456644,0.715962216284,0.715962216284,0.671000735478,0.874739757821,0.874739757821,0.75015489327,0.793569516558,0.793569516558,0.733607929623,0.899609582248,0.899609582248,0.850322298877,0.868220748619,0.868220748619,0.766808456644,0.715962216284,0.715962216284,0.671000735478,0.92864406047,0.92864406047,0.722547849274,0.793569516558,0.793569516558,0.733607929623,0.899609582248,0.800784606757,0.850322298877,0.868220748619,0.799191476643,0.766808456644,0.715962216284,0.516024919275,0.671000735478,0.92864406047,0.918370210669,0.722547849274,0.874739757821,0.738373219639,0.75015489327
"Sanchez,Jonathan",0.853722457507,0.853722457507,0.828333985565,0.803437812487,0.803437812487,0.673931195204,0.854725803009,0.854725803009,0.679101523702,0.957676538806,0.957676538806,0.828499932081,0.889165170992,0.889165170992,1.04934528076,0.717328711261,0.566218009756,0.771877129304,0.984575491195,0.8998461348,0.673931195204,0.758823971126,0.493843417628,0.679101523702,0.709878367589,0.596266164335,0.828499932081,0.667368744442,1.28948605384,1.04934528076,0.717328711261,0.67134734639,0.771877129304,1.10832531055,1.18105465976,0.828333985565,0.758823971126,0.770959679396,0.679101523702,0.709878367589,0.603175072118,0.828499932081,0.667368744442,0.705304511278,1.04934528076,0.717328711261,0.824355528962,0.771877129304,1.10832531055,0.943516274091,0.828333985565,0.984575491195,0.95812478947,0.673931195204,0.709878367589,0.819749605456,0.828499932081,0.667368744442,0.963207332848,1.04934528076,0.717328711261,0.834706176336,0.771877129304,1.10832531055,0.809847158606,0.828333985565,0.984575491195,0.786393914263,0.673931195204,0.758823971126,0.797740092103,0.679101523702,0.667368744442,1.19766666667,1.04934528076,0.717328711261,0.660798041631,0.771877129304,1.10832531055,0.828777738826,0.828333985565,0.984575491195,0.602501885406,0.673931195204,0.758823971126,0.583775629284,0.679101523702,0.709878367589,1.19182203917,0.828499932081
"Oswalt,Roy",0.738902095514,0.625365532561,0.728074223762,0.818462767201,0.764361069992,0.743533131375,0.855686910535,0.955019275107,0.764699070425,0.891096229213,0.731129212103,0.93819901383,0.896228388734,0.852281674388,0.832209639043,0.800770705966,0.68281545775,0.783447870309,0.699562725375,0.675867362092,0.743533131375,0.855210702368,0.807509906348,0.764699070425,0.731129212103,0.886584397907,0.93819901383,0.767458853185,1.03565415623,0.832209639043,0.800770705966,1.12609868568,0.783447870309,0.730153892499,0.649079411447,0.728074223762,0.855210702368,0.954054159888,0.764699070425,0.731129212103,0.891096229213,0.93819901383,0.767458853185,0.991352772781,0.832209639043,0.800770705966,1.04524031114,0.783447870309,0.730153892499,0.700674596459,0.728074223762,0.699562725375,0.830638616385,0.743533131375,0.731129212103,0.838467220415,0.93819901383,0.767458853185,0.94185928201,0.832209639043,0.800770705966,0.766713336872,0.783447870309,0.730153892499,0.725047320335,0.728074223762,0.699562725375,0.645209093249,0.743533131375,0.855210702368,0.796900651194,0.764699070425,0.767458853185,0.858997721346,0.832209639043,0.800770705966,0.716467442841,0.783447870309,0.730153892499,0.68266955104,0.728074223762,0.699562725375,0.56477460939,0.743533131375,0.855210702368,0.718883927752,0.764699070425,0.731129212103,0.857478067379,0.93819901383
"Verlander,Justin",0.774501172862,0.771457086246,0.756441221011,0.777867237199,0.769563857601,0.687286594922,0.717700541288,0.67235361877,0.643253102555,0.767482152937,0.757638759355,0.635403804442,0.821577470604,0.662629591204,0.835946303064,0.808315362916,0.803401851126,0.739879395986,0.772368299937,0.729968504757,0.687286594922,0.720495310024,0.683255137429,0.643253102555,0.761514808368,0.744049672143,0.635403804442,0.819407569135,0.850642893591,0.835946303064,0.808315362916,0.916334473933,0.739879395986,0.770536940134,0.78294669812,0.756441221011,0.720495310024,0.687417982464,0.643253102555,0.761514808368,0.749233306029,0.635403804442,0.819407569135,0.779897018932,0.835946303064,0.808315362916,0.808315362916,0.739879395986,0.770536940134,0.770536940134,0.756441221011,0.772368299937,0.772368299937,0.687286594922,0.761514808368,0.761514808368,0.635403804442,0.819407569135,0.819407569135,0.835946303064,0.808315362916,0.959675282067,0.739879395986,0.770536940134,0.761343942888,0.756441221011,0.772368299937,0.736911126953,0.687286594922,0.720495310024,0.699149370885,0.643253102555,0.819407569135,0.68821779406,0.835946303064,0.808315362916,0.803401851126,0.739879395986,0.770536940134,0.802106751178,0.756441221011,0.772368299937,0.729968504757,0.687286594922,0.720495310024,0.683255137429,0.643253102555,0.761514808368,0.744049672143,0.635403804442
"Johnson,Josh",0.753511680825,0.607633638241,0.64957951896,0.756483899762,0.698377515728,0.707988650408,0.678392107662,0.431956031877,0.460879685746,0.804585218013,0.690364422923,0.764481763075,0.905870825167,0.86103940017,0.890494143487,0.710233086743,0.722606447454,0.847267782297,0.708505535613,0.756483899762,0.707988650408,0.670681622161,0.678392107662,0.460879685746,0.722850065598,0.804585218013,0.764481763075,1.67857689443,0.905870825167,0.890494143487,0.710233086743,0.862224057082,0.847267782297,0.615174126253,0.707096821778,0.64957951896,0.670681622161,0.562805988946,0.460879685746,0.722850065598,0.756989843507,0.764481763075,1.67857689443,0.923101013698,0.890494143487,0.710233086743,0.722606447454,0.847267782297,0.615174126253,0.753511680825,0.64957951896,0.708505535613,0.756483899762,0.707988650408,0.722850065598,0.804585218013,0.764481763075,1.67857689443,0.905870825167,0.890494143487,0.710233086743,0.80172248936,0.847267782297,0.615174126253,0.654926405373,0.64957951896,0.708505535613,0.643147939638,0.707988650408,0.670681622161,0.582817465321,0.460879685746,1.67857689443,0.935697738761,0.890494143487,0.710233086743,0.61210696114,0.847267782297,0.615174126253,0.449318470113,0.64957951896,0.708505535613,0.355857649762,0.707988650408,0.670681622161,0.418523414479,0.460879685746,0.722850065598,0.679032448333,0.764481763075
"Danks,John",0.876144742563,0.823096540108,0.865368682507,0.872484647974,0.819526752489,0.71102522506,0.813590885208,0.758260853903,0.712159282618,0.927755165137,1.10024673688,0.815436952695,0.760053306823,0.737515878739,0.796645677803,0.699317258879,0.699317258879,0.707528305817,0.869229405906,0.869229405906,0.71102522506,1.09074292975,1.09074292975,0.712159282618,0.927755165137,0.927755165137,0.815436952695,0.757048847093,0.757048847093,0.796645677803,0.699317258879,0.861829635007,0.707528305817,0.959518292687,0.876144742563,0.865368682507,1.09074292975,0.813590885208,0.712159282618,0.927755165137,0.927755165137,0.815436952695,0.757048847093,0.760053306823,0.796645677803,0.699317258879,0.553216030399,0.707528305817,0.959518292687,0.798915614089,0.865368682507,0.869229405906,0.674054383672,0.71102522506,0.927755165137,0.764644395574,0.815436952695,0.757048847093,0.779479723424,0.796645677803,0.699317258879,0.791545484515,0.707528305817,0.959518292687,0.708355467671,0.865368682507,0.869229405906,0.762264959399,0.71102522506,1.09074292975,0.747740220848,0.712159282618,0.757048847093,0.873373905955,0.796645677803,0.699317258879,0.509670854158,0.707528305817,0.959518292687,0.691217059668,0.865368682507,0.869229405906,0.634462404324,0.71102522506,1.09074292975,0.74153947695,0.712159282618,0.927755165137,0.67479033382,0.815436952695
"Jackson,Edwin",0.92654375546,1.07083279757,0.850971119178,0.899346029509,0.73198440076,0.720063428239,0.840389854163,1.08155299885,0.787902869882,0.897437847628,0.867953830079,0.825388197427,0.865668059238,1.20565418769,0.828005257336,0.92662674544,0.965646342339,0.878994572846,0.785024675536,0.559282876893,0.720063428239,0.970755461813,1.11563859622,0.787902869882,0.746784224332,0.752622384014,0.825388197427,1.02434656568,1.01716040158,0.828005257336,0.92662674544,0.90469118965,0.878994572846,1.0491182415,0.807299555233,0.850971119178,0.970755461813,0.83301099544,0.787902869882,0.746784224332,0.859661773944,0.825388197427,1.02434656568,0.859638659975,0.828005257336,0.92662674544,0.965646342339,0.878994572846,1.0491182415,1.20363114592,0.850971119178,0.785024675536,0.559282876893,0.720063428239,0.746784224332,0.752622384014,0.825388197427,1.02434656568,1.01716040158,0.828005257336,0.92662674544,1.03241798469,0.878994572846,1.0491182415,0.951265574499,0.850971119178,0.785024675536,0.847177395184,0.720063428239,0.970755461813,0.945474291947,0.787902869882,1.02434656568,1.05952988511,0.828005257336,0.92662674544,1.04762279362,0.878994572846,1.0491182415,1.07083279757,0.850971119178,0.785024675536,0.73198440076,0.720063428239,0.970755461813,1.08155299885,0.787902869882,0.746784224332,0.867953830079,0.825388197427
"Scherzer,Max",0.788128746039,0.641457471497,0.73955452455,0.81208669325,0.730156544054,0.728768279939,0.770064212714,0.770138857448,0.787969282145,0.803141425999,0.652330649389,0.782759901245,0.736533854505,0.760306906654,0.755148495326,0.734062205671,0.309321222064,0.875096474944,0.808504763105,0.86748700537,0.728768279939,1.38834141721,1.57341175331,0.787969282145,0.736799817084,1.0361262575,0.782759901245,0.951756037461,0.607844299335,0.755148495326,0.734062205671,0.406586748544,0.875096474944,0.782688435112,0.983774970785,0.73955452455,1.38834141721,0.973103054476,0.787969282145,0.736799817084,1.1151813218,0.782759901245,0.951756037461,0.363013257999,0.755148495326,0.734062205671,0.309321222064,0.875096474944,0.782688435112,1.00410567747,0.73955452455,0.808504763105,0.86748700537,0.728768279939,0.736799817084,1.0361262575,0.782759901245,0.951756037461,0.607844299335,0.755148495326,0.734062205671,0.406586748544,0.875096474944,0.782688435112,0.983774970785,0.73955452455,0.808504763105,0.868384369172,0.728768279939,1.38834141721,0.973103054476,0.787969282145,0.951756037461,0.363013257999,0.755148495326,0.734062205671,0.734062205671,0.875096474944,0.782688435112,0.782688435112,0.73955452455,0.808504763105,0.808504763105,0.728768279939,1.38834141721,1.38834141721,0.787969282145,0.736799817084,0.736799817084,0.782759901245
"Lilly,Ted",0.745200036489,0.552405431459,0.815532600709,0.647933068953,0.657735574004,0.604117349858,0.741654319881,0.746467598461,0.657464614376,0.880863972365,0.507396825397,0.897934889969,0.937378626934,0.908151878662,0.761213889628,0.75976726829,0.771702290987,0.67744432661,0.602321813498,0.622482872018,0.604117349858,0.735531880417,0.762081986138,0.657464614376,0.643699632945,0.840545349189,0.897934889969,0.777192427591,0.729650917242,0.761213889628,0.75976726829,0.699327700498,0.67744432661,0.74219003736,0.673965349063,0.815532600709,0.735531880417,0.595078325859,0.657464614376,0.643699632945,0.648258878487,0.897934889969,0.777192427591,0.822674568466,0.761213889628,0.75976726829,0.76473536744,0.67744432661,0.74219003736,0.631791219053,0.815532600709,0.602321813498,0.655382462604,0.604117349858,0.643699632945,0.56493711015,0.897934889969,0.777192427591,0.742672851814,0.761213889628,0.75976726829,0.648853209463,0.67744432661,0.74219003736,0.726497914723,0.815532600709,0.602321813498,0.692692201291,0.604117349858,0.735531880417,0.599334575983,0.657464614376,0.777192427591,0.967089470307,0.761213889628,0.75976726829,0.694296842459,0.67744432661,0.74219003736,0.643991103544,0.815532600709,0.602321813498,0.612697633975,0.604117349858,0.735531880417,0.629770741292,0.657464614376,0.643699632945,0.686885347963,0.897934889969
"Lowe,Derek",0.801487881278,0.732439123468,0.843785395398,0.886265784474,0.883315291237,0.75773019112,0.762874591805,0.743621477334,0.635147715778,0.957121496215,1.02826361978,0.897785372939,0.464014183491,0.305312420138,0.420930232558,0.776311136295,0.660136319447,0.643194935562,0.883315291237,0.712338708079,0.75773019112,0.743621477334,0.632385345128,0.635147715778,1.02826361978,0.970887434001,0.897785372939,0.305312420138,0.751490757305,0.420930232558,0.776311136295,0.639133403528,0.643194935562,0.732439123468,0.746985605885,0.843785395398,0.743621477334,0.746077655004,0.635147715778,1.02826361978,0.872089682405,0.897785372939,0.305312420138,0.513723485817,0.420930232558,0.776311136295,0.754962002499,0.643194935562,0.732439123468,0.862046240539,0.843785395398,0.883315291237,0.762248255342,0.75773019112,1.02826361978,0.888604421787,0.897785372939,0.305312420138,1.2237413749,0.420930232558,0.776311136295,0.76308861994,0.643194935562,0.732439123468,0.924021776969,0.843785395398,0.883315291237,0.846706198733,0.75773019112,0.743621477334,0.826730320679,0.635147715778,0.305312420138,0.873993738819,0.420930232558,0.776311136295,0.72081540388,0.643194935562,0.732439123468,0.764125552727,0.843785395398,0.883315291237,0.634176511813,0.75773019112,0.743621477334,0.850963104465,0.635147715778,1.02826361978,0.761191051579,0.897785372939
"Penny,Brad",0.836851477589,0.721295393013,0.763148707659,0.945774035137,0.740773756929,0.69406567072,0.890739789733,0.89316722995,0.667632981406,0.587535751919,0.840192684028,0.846082684439,,,,0.724662075611,0.885357161116,0.847176605679,0.794623980372,1.0746097337,0.69406567072,0.886302415512,0.843910096458,0.667632981406,0.477946710823,0.812372812373,0.846082684439,,,,0.724662075611,0.867751619971,0.847176605679,0.846255163277,0.925331901783,0.763148707659,0.886302415512,0.88650716111,0.667632981406,0.477946710823,0.726902726903,0.846082684439,,,,0.724662075611,0.628084618882,0.847176605679,0.846255163277,0.643223155227,0.763148707659,0.794623980372,0.353637346003,0.69406567072,0.477946710823,0.598024578162,0.846082684439,,,,0.724662075611,0.766794412603,0.847176605679,0.846255163277,0.584927633032,0.763148707659,0.794623980372,0.520085309637,0.69406567072,0.886302415512,0.797105855177,0.667632981406,,,,0.724662075611,,0.847176605679,0.846255163277,,0.763148707659,0.794623980372,,0.69406567072,0.886302415512,,0.667632981406,0.477946710823,,0.846082684439
"Hammel,Jason",0.828969836574,0.861232944023,0.802919080573,0.710287592399,0.893440858528,0.617096115446,0.855223289953,0.615358628973,0.699573142935,0.803868601526,0.561306038104,0.704158021343,0.863727660009,1.06669896458,0.724782637903,1.21532932254,1.02661352089,0.775602496914,0.91483923617,0.76289830053,0.617096115446,0.803369779253,0.709908260966,0.699573142935,0.799333699722,0.465322384641,0.704158021343,0.859514632987,1.11340887226,0.724782637903,1.21532932254,0.829194905937,0.775602496914,0.839069698006,0.820748864194,0.802919080573,0.803369779253,0.700122080871,0.699573142935,0.799333699722,0.642676228512,0.704158021343,0.859514632987,0.817602487223,0.724782637903,1.21532932254,0.775238677307,0.775602496914,0.839069698006,0.790036434159,0.802919080573,0.91483923617,0.753960177737,0.617096115446,0.799333699722,0.550700259887,0.704158021343,0.859514632987,0.816963328961,0.724782637903,1.21532932254,0.986795132665,0.775602496914,0.839069698006,0.831511897874,0.802919080573,0.91483923617,0.761846130125,0.617096115446,0.803369779253,0.809182852547,0.699573142935,0.859514632987,0.831870161406,0.724782637903,1.21532932254,1.15505066332,0.775602496914,0.839069698006,0.838140649697,0.802919080573,0.91483923617,0.9135468476,0.617096115446,0.803369779253,0.54226748725,0.699573142935,0.799333699722,0.377072410025,0.704158021343
"Masterson,Justin",0.869360105876,0.689685265501,0.690263008754,0.836168021232,0.738615239126,0.844801557934,0.902866058724,0.860538174168,0.839297085342,0.86536202102,1.08252450216,0.757920486766,0.765797966797,0.583890922305,0.709877944857,1.07220315081,0.71757826919,0.666903695274,0.738615239126,0.759474025739,0.844801557934,0.860538174168,0.786097341169,0.839297085342,1.08252450216,0.806050785228,0.757920486766,0.583890922305,0.64629691967,0.709877944857,1.07220315081,0.76935124077,0.666903695274,0.689685265501,0.713607826881,0.690263008754,0.860538174168,0.868302790271,0.839297085342,1.08252450216,0.818629214428,0.757920486766,0.583890922305,0.741069562221,0.709877944857,1.07220315081,0.868783139172,0.666903695274,0.689685265501,0.826121909323,0.690263008754,0.738615239126,0.787176297069,0.844801557934,1.08252450216,0.850102992475,0.757920486766,0.583890922305,0.744628790013,0.709877944857,1.07220315081,1.07220315081,0.666903695274,0.689685265501,0.689685265501,0.690263008754,0.738615239126,0.738615239126,0.844801557934,0.860538174168,0.860538174168,0.839297085342,0.583890922305,0.583890922305,0.709877944857,1.07220315081,0.868557810509,0.666903695274,0.689685265501,0.869360105876,0.690263008754,0.738615239126,0.836168021232,0.844801557934,0.860538174168,0.902866058724,0.839297085342,1.08252450216,0.86536202102,0.757920486766
"Porcello,Rick",0.911557244702,,0.77519053091,0.788922459052,,0.821091176982,0.832910248143,,0.861895153356,0.881951076229,,0.83023430626,0.768123339359,,0.786550394345,,,,0.900648360441,0.904545378423,0.821091176982,0.876753166204,0.901927358508,0.861895153356,0.832581938482,0.86266731546,0.83023430626,0.938331888745,0.937702647352,0.786550394345,,,,0.955941644541,0.893385432368,0.77519053091,0.876753166204,0.756957404426,0.861895153356,0.832581938482,0.799609186432,0.83023430626,0.938331888745,0.874480888566,0.786550394345,,,,0.955941644541,0.914948392174,0.77519053091,0.900648360441,0.824071441876,0.821091176982,0.832581938482,0.913393448572,0.83023430626,0.938331888745,0.782379871466,0.786550394345,,,,0.955941644541,0.838868329624,0.77519053091,0.900648360441,0.75385510915,0.821091176982,0.876753166204,0.810247564765,0.861895153356,0.938331888745,0.743516512507,0.786550394345,,,,0.955941644541,0.841138717653,0.77519053091,0.900648360441,0.902011979599,0.821091176982,0.876753166204,0.836540238751,0.861895153356,0.832581938482,0.741383154684,0.83023430626
"Saunders,Joe",0.886102035183,0.846039694981,0.72277596818,0.869140734045,0.853622262842,0.798995075416,0.875047040253,0.788814088539,0.750969233059,0.810251655419,0.755255330386,0.688856992248,0.835260770592,0.906099217747,0.957599854092,0.871892651821,0.862907396381,0.801141906939,1.18163207659,1.16468173626,0.798995075416,1.00458895724,0.974075095616,0.750969233059,1.05861632637,1.02346049391,0.688856992248,0.734139163138,0.704374830061,0.957599854092,0.871892651821,0.574906598265,0.801141906939,1.08898561637,0.978326559112,0.72277596818,1.00458895724,0.98619787513,0.750969233059,1.05861632637,1.08985817986,0.688856992248,0.734139163138,0.800352943025,0.957599854092,0.871892651821,0.835542122645,0.801141906939,1.08898561637,1.06805673934,0.72277596818,1.18163207659,1.19536871618,0.798995075416,1.05861632637,1.0391502047,0.688856992248,0.734139163138,0.734509552633,0.957599854092,0.871892651821,0.606506863599,0.801141906939,1.08898561637,0.93351433383,0.72277596818,1.18163207659,1.175623737,0.798995075416,1.00458895724,0.922453798255,0.750969233059,0.734139163138,0.706290444256,0.957599854092,0.871892651821,0.532750339553,0.801141906939,1.08898561637,0.703605841003,0.72277596818,1.18163207659,0.778043584731,0.798995075416,1.00458895724,0.717899072463,0.750969233059,1.05861632637,0.666043850539,0.688856992248
"Hamels,Cole",0.777681089835,0.777681089835,0.829653762364,0.79782051033,0.79782051033,0.77493935956,0.710551551365,0.710551551365,0.756566125714,0.772495821254,0.772495821254,0.78878605828,0.838188463711,0.838188463711,0.792136575243,0.715902000808,0.5359179338,0.662448634688,0.82314719175,0.553841601935,0.77493935956,0.64514182555,0.526879259338,0.756566125714,0.765780766775,0.552574208292,0.78878605828,1.0713944566,0.594068161554,0.792136575243,0.715902000808,0.745696214632,0.662448634688,0.71752733834,0.664734805937,0.829653762364,0.64514182555,0.678359573719,0.756566125714,0.765780766775,0.669700241841,0.78878605828,1.0713944566,0.768775354655,0.792136575243,0.715902000808,0.662448634688,0.662448634688,0.71752733834,0.829653762364,0.829653762364,0.82314719175,0.77493935956,0.77493935956,0.765780766775,0.78878605828,0.78878605828,1.0713944566,0.792136575243,0.792136575243,0.715902000808,0.710381282825,0.662448634688,0.71752733834,0.757712644797,0.829653762364,0.82314719175,0.774272010922,0.77493935956,0.64514182555,0.738163172266,0.756566125714,1.0713944566,0.839695650185,0.792136575243,0.715902000808,0.715902000808,0.662448634688,0.71752733834,0.71752733834,0.829653762364,0.82314719175,0.82314719175,0.77493935956,0.64514182555,0.64514182555,0.756566125714,0.765780766775,0.765780766775,0.78878605828
"Hernandez,Livan",0.741649825344,0.690624360434,0.739357446403,0.733698272207,0.737105443046,0.680040179267,0.690028661852,0.679092277919,0.633341609694,0.590354454921,0.518251369036,0.888801360922,,,,0.812435892187,0.835665712961,0.940778161154,0.726251005712,0.704263311441,0.680040179267,0.581270074184,0.800565199302,0.633341609694,0.680655063404,0.965750171075,0.888801360922,,,,0.812435892187,0.845823387349,0.940778161154,0.652317882972,0.870060850973,0.739357446403,0.581270074184,0.637223391271,0.633341609694,0.680655063404,0.923387711855,0.888801360922,,,,0.812435892187,0.854385542797,0.940778161154,0.652317882972,0.790155220515,0.739357446403,0.726251005712,0.654065865349,0.680040179267,0.680655063404,0.768366492458,0.888801360922,,,,0.812435892187,0.882815730556,0.940778161154,0.652317882972,0.882347338769,0.739357446403,0.726251005712,0.68547256401,0.680040179267,0.581270074184,0.745784537573,0.633341609694,,,,0.812435892187,,0.940778161154,0.652317882972,,0.739357446403,0.726251005712,,0.680040179267,0.581270074184,,0.633341609694,0.680655063404,,0.888801360922
"Jackson,Edwin",0.92654375546,1.07083279757,0.850971119178,0.899346029509,0.73198440076,0.720063428239,0.840389854163,1.08155299885,0.787902869882,0.897437847628,0.867953830079,0.825388197427,0.865668059238,1.20565418769,0.828005257336,0.92662674544,0.965646342339,0.878994572846,0.785024675536,0.559282876893,0.720063428239,0.970755461813,1.11563859622,0.787902869882,0.746784224332,0.752622384014,0.825388197427,1.02434656568,1.01716040158,0.828005257336,0.92662674544,0.90469118965,0.878994572846,1.0491182415,0.807299555233,0.850971119178,0.970755461813,0.83301099544,0.787902869882,0.746784224332,0.859661773944,0.825388197427,1.02434656568,0.859638659975,0.828005257336,0.92662674544,0.965646342339,0.878994572846,1.0491182415,1.20363114592,0.850971119178,0.785024675536,0.559282876893,0.720063428239,0.746784224332,0.752622384014,0.825388197427,1.02434656568,1.01716040158,0.828005257336,0.92662674544,1.03241798469,0.878994572846,1.0491182415,0.951265574499,0.850971119178,0.785024675536,0.847177395184,0.720063428239,0.970755461813,0.945474291947,0.787902869882,1.02434656568,1.05952988511,0.828005257336,0.92662674544,1.04762279362,0.878994572846,1.0491182415,1.07083279757,0.850971119178,0.785024675536,0.73198440076,0.720063428239,0.970755461813,1.08155299885,0.787902869882,0.746784224332,0.867953830079,0.825388197427
"Pelfrey,Mike",0.846987328009,0.830468654377,0.79637108052,0.896197520181,0.813725780032,0.770111511106,0.887294240702,0.97669810106,0.823071457764,0.793509195598,0.82217466338,0.799898123026,0.886730216917,0.866996525772,0.87984321744,0.775453753458,0.81058757036,0.770954473874,0.89424813403,0.731805237116,0.770111511106,1.04317346986,0.792748925945,0.823071457764,0.530797331191,0.694568125922,0.799898123026,0.830638216434,0.725882323953,0.87984321744,0.775453753458,0.922917846337,0.770954473874,0.804443798509,0.846987328009,0.79637108052,1.04317346986,0.887294240702,0.823071457764,0.530797331191,0.793509195598,0.799898123026,0.830638216434,0.886730216917,0.87984321744,0.775453753458,0.815330113151,0.770954473874,0.804443798509,0.789426376345,0.79637108052,0.89424813403,0.797084678745,0.770111511106,0.530797331191,0.547786716111,0.799898123026,0.830638216434,0.815881781563,0.87984321744,0.775453753458,0.769008242658,0.770954473874,0.804443798509,0.813954008786,0.79637108052,0.89424813403,0.745217986826,0.770111511106,1.04317346986,0.761237208781,0.823071457764,0.830638216434,0.695506032602,0.87984321744,0.775453753458,0.738883848985,0.770954473874,0.804443798509,0.805240376766,0.79637108052,0.89424813403,0.69805006421,0.770111511106,1.04317346986,0.81401949189,0.823071457764,0.530797331191,0.675526060389,0.799898123026
"Blanton,Joe",0.759871989457,0.616423524681,0.705887940845,0.783557847665,0.737428913315,0.809203502249,0.746016840303,0.554088941362,0.932425316822,0.646693814347,0.582657590115,0.644367566624,0.832947274469,0.819708188593,0.971091147206,0.799232757192,0.726875347805,0.726341634272,0.866268752864,0.852595017363,0.809203502249,0.637042481328,0.720926045247,0.932425316822,0.532672733387,0.799451244331,0.644367566624,0.829943804536,0.922568799111,0.971091147206,0.799232757192,0.67110797668,0.726341634272,0.671622749254,0.526377732465,0.705887940845,0.637042481328,0.629849799323,0.932425316822,0.532672733387,0.663157992103,0.644367566624,0.829943804536,1.00852485922,0.971091147206,0.799232757192,0.71862905605,0.726341634272,0.671622749254,0.675261516984,0.705887940845,0.866268752864,0.710463038083,0.809203502249,0.532672733387,0.585605867657,0.644367566624,0.829943804536,0.802320021695,0.971091147206,0.799232757192,0.772804494779,0.726341634272,0.671622749254,0.799706550021,0.705887940845,0.866268752864,0.877992714886,0.809203502249,0.637042481328,0.539221237092,0.932425316822,0.829943804536,0.897245453946,0.971091147206,0.799232757192,0.686606031442,0.726341634272,0.671622749254,0.757425687918,0.705887940845,0.866268752864,0.92936844729,0.809203502249,0.637042481328,0.672535658846,0.932425316822,0.532672733387,0.899080893369,0.644367566624
"Millwood,Kevin",0.808902426344,0.736829592336,0.734284996017,0.795586464793,0.76879669578,0.752664361829,0.716805265551,0.892887600205,0.769927345652,0.788735014807,0.773407792959,0.725191433695,,,,0.695758296236,0.777210986652,0.651606244425,0.802618653207,0.760893728996,0.752664361829,0.596596360532,0.724779973128,0.769927345652,0.77922272429,0.784631048274,0.725191433695,,,,0.695758296236,0.781995911593,0.651606244425,0.802082219131,0.692051391986,0.734284996017,0.596596360532,0.794160266956,0.769927345652,0.77922272429,0.673858242624,0.725191433695,,,,0.695758296236,0.761624507751,0.651606244425,0.802082219131,0.629873334169,0.734284996017,0.802618653207,0.79618158017,0.752664361829,0.77922272429,0.704962880179,0.725191433695,,,,0.695758296236,0.899040847571,0.651606244425,0.802082219131,0.860195126523,0.734284996017,0.802618653207,0.794970567079,0.752664361829,0.596596360532,0.706150072051,0.769927345652,,,,0.695758296236,,0.651606244425,0.802082219131,,0.734284996017,0.802618653207,,0.752664361829,0.596596360532,,0.769927345652,0.77922272429,,0.725191433695
"Guthrie,Jeremy",0.808071069879,0.728022712956,0.729180745819,0.789083137326,0.679633941695,0.590278908709,0.814805298187,0.709999035317,0.728094489686,0.86292678103,0.741193395185,0.751406244977,0.86265576772,0.768287791765,0.847160537698,0.734675654328,0.700440651695,0.787612891795,0.90695277833,0.944877415883,0.590278908709,1.317367929,1.2956807264,0.728094489686,0.902188149372,0.820049232427,0.751406244977,0.806368384974,0.741902464417,0.847160537698,0.734675654328,0.64443521327,0.787612891795,0.986460879254,1.03208320956,0.729180745819,1.317367929,1.29344137698,0.728094489686,0.902188149372,0.875480523066,0.751406244977,0.806368384974,0.733272865324,0.847160537698,0.734675654328,0.692639315936,0.787612891795,0.986460879254,0.964785738369,0.729180745819,0.90695277833,0.833797624645,0.590278908709,0.902188149372,0.89024962373,0.751406244977,0.806368384974,0.771956101872,0.847160537698,0.734675654328,0.603939435214,0.787612891795,0.986460879254,0.899839974564,0.729180745819,0.90695277833,0.848902137488,0.590278908709,1.317367929,1.20899914747,0.728094489686,0.806368384974,0.73946353198,0.847160537698,0.734675654328,0.659820545323,0.787612891795,0.986460879254,0.696433109449,0.729180745819,0.90695277833,0.570240388366,0.590278908709,1.317367929,0.73043893376,0.728094489686,0.902188149372,0.802057780399,0.751406244977
"Cahill,Trevor",0.911212255894,,0.801727119555,0.75538130897,,0.670378631619,0.823483417706,,0.824731753029,0.873561830081,,0.91652962466,0.821312810533,,0.716702710481,,,,0.586986165799,0.585791723366,0.670378631619,0.681930773159,0.602456882573,0.824731753029,0.804754372284,0.599632744338,0.91652962466,0.944049293853,0.726820714079,0.716702710481,,,,0.795115667801,0.916480999809,0.801727119555,0.681930773159,0.827327962847,0.824731753029,0.804754372284,0.866425975817,0.91652962466,0.944049293853,0.816910551663,0.716702710481,,,,0.795115667801,0.870653671837,0.801727119555,0.586986165799,0.627832928895,0.670378631619,0.804754372284,0.906505836012,0.91652962466,0.944049293853,0.735001098321,0.716702710481,,,,0.795115667801,0.884301261374,0.801727119555,0.586986165799,0.75516773142,0.670378631619,0.681930773159,0.808749721195,0.824731753029,0.944049293853,0.79665926597,0.716702710481,,,,0.795115667801,0.795115667801,0.801727119555,0.586986165799,0.586986165799,0.670378631619,0.681930773159,0.681930773159,0.824731753029,0.804754372284,0.804754372284,0.91652962466
"Cueto,Johnny",0.807047984882,0.719501332047,0.849349873547,0.892564676702,0.81299048321,0.795783364868,0.810142742818,0.661170913781,0.631664104905,0.787688759713,0.650823426727,0.769557695439,0.899402852853,0.805892894849,0.692686651521,0.835869442277,0.736016611316,0.776753257718,0.803082291723,0.68898237266,0.795783364868,0.772407344169,0.596108083385,0.631664104905,0.669507340453,0.601462654886,0.769557695439,0.830850280953,0.589821044589,0.692686651521,0.835869442277,0.861347784417,0.776753257718,0.864611955271,0.777933480629,0.849349873547,0.772407344169,0.786735173447,0.631664104905,0.669507340453,0.825766007483,0.769557695439,0.830850280953,0.894399666168,0.692686651521,0.835869442277,0.83059017934,0.776753257718,0.864611955271,0.823500085637,0.849349873547,0.803082291723,0.869889269962,0.795783364868,0.669507340453,0.737070365256,0.769557695439,0.830850280953,0.778607073227,0.692686651521,0.835869442277,0.861347784417,0.776753257718,0.864611955271,0.777933480629,0.849349873547,0.803082291723,0.894991476596,0.795783364868,0.772407344169,0.786735173447,0.631664104905,0.830850280953,0.894399666168,0.692686651521,0.835869442277,0.808936636958,0.776753257718,0.864611955271,0.585026555018,0.849349873547,0.803082291723,0.863968375681,0.795783364868,0.772407344169,0.690212513786,0.631664104905,0.669507340453,0.706600267521,0.769557695439
"Francis,Jeff",,,,0.913246792797,1.00300263794,0.82238672032,0.829773615996,0.832085749482,0.746378435347,0.628780264113,0.786231353801,0.676249050578,0.809437503467,1.10223817832,0.846485342906,0.759341916137,,0.899075576763,0.79646820686,,0.82238672032,0.675623007765,,0.746378435347,0.513795103815,,0.676249050578,0.804329246104,,0.846485342906,0.759341916137,0.998650073838,0.899075576763,,,,0.675623007765,0.844809264959,0.746378435347,0.513795103815,0.890377891702,0.676249050578,0.804329246104,1.09618761943,0.846485342906,0.759341916137,0.787267556709,0.899075576763,,,,0.79646820686,0.748908537837,0.82238672032,0.513795103815,0.935778129116,0.676249050578,0.804329246104,0.909277699796,0.846485342906,0.759341916137,0.892210288702,0.899075576763,,,,0.79646820686,0.829061403447,0.82238672032,0.675623007765,0.821251362654,0.746378435347,0.804329246104,1.00058845715,0.846485342906,0.759341916137,0.80467175431,0.899075576763,,,,0.79646820686,0.88542868067,0.82238672032,0.675623007765,0.687773256714,0.746378435347,0.513795103815,0.732861101389,0.676249050578
"Baker,Scott",0.880979932969,0.918683811756,0.805697876443,0.867405192164,0.900528261063,0.870157630245,0.887154308273,0.85606158686,0.763516577347,,,,0.259523809524,0.259523809524,0.841428571429,0.901501956332,0.853964510971,0.790266908862,0.735099924426,0.898661300404,0.870157630245,0.842061403921,0.855429420467,0.763516577347,,,,0.259523809524,0.507142857143,0.841428571429,0.901501956332,0.908639917429,0.790266908862,0.762133161792,0.918683811756,0.805697876443,0.842061403921,0.85606158686,0.763516577347,,,,0.259523809524,0.259523809524,0.841428571429,0.901501956332,0.901501956332,0.790266908862,0.762133161792,0.880979932969,0.805697876443,0.735099924426,0.867405192164,0.870157630245,,,,0.259523809524,0.259523809524,0.841428571429,0.901501956332,,0.790266908862,0.762133161792,,0.805697876443,0.735099924426,,0.870157630245,0.842061403921,,0.763516577347,0.259523809524,,0.841428571429,0.901501956332,0.862740482578,0.790266908862,0.762133161792,0.84758101475,0.805697876443,0.735099924426,0.793086721347,0.870157630245,0.842061403921,0.8034101922,0.763516577347,,,
"Volstad,Chris",0.868452499152,0.868452499152,0.756773414336,0.821153888394,0.821153888394,0.785562560693,0.756968584578,0.756968584578,0.819688182109,0.841834563024,0.841834563024,0.75828343123,0.0407407407407,0.0407407407407,1.1569023569,0.746328126284,0.751619764641,0.737717871839,0.788901395517,0.906450905001,0.785562560693,0.649935167505,0.947782994667,0.819688182109,0.720248967244,0.728035491324,0.75828343123,0.0407407407407,2.31851851852,1.1569023569,0.746328126284,0.837582423779,0.737717871839,0.865521041128,0.876484332464,0.756773414336,0.649935167505,0.752015829345,0.819688182109,0.720248967244,0.671227042089,0.75828343123,0.0407407407407,2.85185185185,1.1569023569,0.746328126284,0.522881156288,0.737717871839,0.865521041128,0.790625653535,0.756773414336,0.788901395517,0.755714803675,0.785562560693,0.720248967244,0.768326911993,0.75828343123,0.0407407407407,1.10942760943,1.1569023569,0.746328126284,0.718027164676,0.737717871839,0.865521041128,0.884451187099,0.756773414336,0.788901395517,0.8308591457,0.785562560693,0.649935167505,0.858577804253,0.819688182109,0.0407407407407,0.454545454545,1.1569023569,0.746328126284,0.617246837885,0.737717871839,0.865521041128,0.852546087618,0.756773414336,0.788901395517,0.728277582879,0.785562560693,0.649935167505,0.693538765494,0.819688182109,0.720248967244,0.671934136278,0.75828343123
"Kendrick,Kyle",0.759857934858,0.441057692308,0.505339019089,0.864629913845,0.804189887757,0.877851798364,0.819077032871,0.666384179559,0.688589261436,0.873042499384,0.896404953508,0.856297921624,0.756418895017,0.584481145232,0.626579588341,0.696184788037,0.820874553464,0.962714590012,0.825779216575,0.789581751088,0.877851798364,0.758476775405,0.806473225958,0.688589261436,0.694309205721,0.789220192347,0.856297921624,0.794741949903,0.779656192103,0.626579588341,0.696184788037,0.738689253879,0.962714590012,0.62171979672,0.586298798799,0.505339019089,0.758476775405,0.727058060434,0.688589261436,0.694309205721,0.845509720395,0.856297921624,0.794741949903,0.652837039919,0.626579588341,0.696184788037,0.745857469732,0.962714590012,0.62171979672,0.478242436576,0.505339019089,0.825779216575,0.757300771956,0.877851798364,0.694309205721,0.640337731281,0.856297921624,0.794741949903,0.722169693255,0.626579588341,0.696184788037,0.801805828118,0.962714590012,0.62171979672,0.386516805267,0.505339019089,0.825779216575,0.800147919878,0.877851798364,0.758476775405,0.638530797521,0.688589261436,0.794741949903,0.622598486855,0.626579588341,0.696184788037,0.541258645554,0.962714590012,0.62171979672,0.642306058973,0.505339019089,0.825779216575,0.692111827872,0.877851798364,0.758476775405,0.671924209643,0.688589261436,0.694309205721,0.434909365843,0.856297921624
"Maholm,Paul",0.867869275074,0.803324243354,0.709603895214,0.855462996862,0.807688803351,0.789399484005,0.833212628041,0.712528856483,0.778307838588,0.758829912718,0.733035531929,0.736207065734,0.777165502574,0.842512516262,0.695377596474,0.854220086489,0.854220086489,0.701681182512,0.933437263473,0.933437263473,0.789399484005,0.731226354359,0.731226354359,0.778307838588,0.817788820605,0.817788820605,0.736207065734,0.781626647565,0.781626647565,0.695377596474,0.854220086489,0.762081589915,0.701681182512,0.921886176062,0.907907034992,0.709603895214,0.731226354359,0.708848358709,0.778307838588,0.817788820605,0.776491660659,0.736207065734,0.781626647565,0.809875732775,0.695377596474,0.854220086489,0.910875318621,0.701681182512,0.921886176062,0.801449215914,0.709603895214,0.933437263473,0.738285749506,0.789399484005,0.817788820605,0.77932474525,0.736207065734,0.781626647565,0.956463693826,0.695377596474,0.854220086489,0.866974940023,0.701681182512,0.921886176062,0.848021993797,0.709603895214,0.933437263473,0.836041509693,0.789399484005,0.731226354359,0.717851893514,0.778307838588,0.781626647565,0.830562112676,0.695377596474,0.854220086489,0.834427820371,0.701681182512,0.921886176062,0.784616070362,0.709603895214,0.933437263473,0.807513282031,0.789399484005,0.731226354359,0.834457686042,0.778307838588,0.817788820605,0.739676603843,0.736207065734
"Myers,Brett",0.689660849372,0.800756571998,0.882472311458,0.844608953461,0.341268961731,0.832758902429,0.793565327627,0.713017038557,0.778262427862,0.928061827356,0.740829277056,0.89166034271,0.950552959384,1.50787565032,1.26448708377,0.850130984861,0.798906360439,0.806239311431,0.763415684165,0.525600269323,0.832758902429,0.885276443973,0.670314959868,0.778262427862,0.848284207472,0.766043357951,0.89166034271,0.821036731583,1.45963024272,1.26448708377,0.850130984861,0.858187594199,0.806239311431,0.494500674198,0.815458681851,0.882472311458,0.885276443973,0.712908224699,0.778262427862,0.848284207472,0.773519651099,0.89166034271,0.821036731583,0.809451985923,1.26448708377,0.850130984861,0.823309881418,0.806239311431,0.494500674198,0.611469544329,0.882472311458,0.763415684165,0.671851417967,0.832758902429,0.848284207472,0.833877840979,0.89166034271,0.821036731583,0.914883875015,1.26448708377,0.850130984861,0.750478641195,0.806239311431,0.494500674198,0.889216912369,0.882472311458,0.763415684165,0.770824588432,0.832758902429,0.885276443973,0.836433736308,0.778262427862,0.821036731583,1.53053126628,1.26448708377,0.850130984861,0.880891656026,0.806239311431,0.494500674198,1.08732763881,0.882472311458,0.763415684165,0.41107301672,0.832758902429,0.885276443973,0.633419271663,0.778262427862,0.848284207472,0.820719305021,0.89166034271
"Morton,Charlie",0.868743631958,0.716082184906,0.77797446889,0.856949050202,0.928783069074,0.933433000004,0.944339460528,0.868205821575,0.841706112361,0.951695318899,0.974779700895,0.858941441466,0.899885516145,0.827079755135,0.79463077253,0.706368495069,0.786876285481,0.841886354596,0.862570275823,0.838768189986,0.933433000004,0.945581957285,0.850580623749,0.841706112361,0.760180506724,0.875408422134,0.858941441466,0.899307831542,0.809712784201,0.79463077253,0.706368495069,0.775823297466,0.841886354596,0.756092409467,0.694080046715,0.77797446889,0.945581957285,0.791897737605,0.841706112361,0.760180506724,0.886944330421,0.858941441466,0.899307831542,0.625759926185,0.79463077253,0.706368495069,0.706368495069,0.841886354596,0.756092409467,0.756092409467,0.77797446889,0.862570275823,0.862570275823,0.933433000004,0.760180506724,0.760180506724,0.858941441466,0.899307831542,0.899307831542,0.79463077253,0.706368495069,0.943635476099,0.841886354596,0.756092409467,0.751302396942,0.77797446889,0.862570275823,0.921714922828,0.933433000004,0.945581957285,0.863089751571,0.841706112361,0.899307831542,0.865559444899,0.79463077253,0.706368495069,1.02948421692,0.841886354596,0.756092409467,0.756035058192,0.77797446889,0.862570275823,0.893849577391,0.933433000004,0.945581957285,0.90932080768,0.841706112361,0.760180506724,1.0374692136,0.858941441466
"Weaver,Jered",0.843433234276,0.671402025055,0.795585360742,0.737650279769,0.483427700831,0.742512063513,0.743824234613,0.685273075451,0.598933487647,0.751853594512,0.668623850922,0.556734019937,0.805039438675,0.680742548969,0.73994404027,0.77469960043,0.773215279555,0.732650986721,0.735541952647,0.713204862437,0.742512063513,0.739650034602,0.758413068705,0.598933487647,0.943862277004,0.587888720678,0.556734019937,0.65211739905,0.790174665233,0.73994404027,0.77469960043,0.763354329724,0.732650986721,0.847224788769,0.83676066403,0.795585360742,0.739650034602,0.711696530205,0.598933487647,0.943862277004,0.633450666551,0.556734019937,0.65211739905,0.741718183449,0.73994404027,0.77469960043,0.773215279555,0.732650986721,0.847224788769,0.900856894492,0.795585360742,0.735541952647,0.713204862437,0.742512063513,0.943862277004,0.587888720678,0.556734019937,0.65211739905,0.790174665233,0.73994404027,0.77469960043,0.750904139612,0.732650986721,0.847224788769,0.805690407775,0.795585360742,0.735541952647,0.710261716386,0.742512063513,0.739650034602,0.685185387445,0.598933487647,0.65211739905,0.701175937132,0.73994404027,0.77469960043,0.755235208955,0.732650986721,0.847224788769,0.801898853282,0.795585360742,0.735541952647,0.712370043507,0.742512063513,0.739650034602,0.689359587456,0.598933487647,0.943862277004,0.785987515054,0.556734019937
"Bannister,Brian",0.850492185854,0.683326527455,0.721483213426,0.901694240255,0.947035451092,0.789627736427,,,,,,,,,,0.719935439154,0.847730986526,0.81659069057,1.21551415489,0.901694240255,0.789627736427,,,,,,,,,,0.719935439154,0.749331966116,0.81659069057,0.658464175478,0.534219162962,0.721483213426,,,,,,,,,,0.719935439154,,0.81659069057,0.658464175478,,0.721483213426,1.21551415489,,0.789627736427,,,,,,,0.719935439154,,0.81659069057,0.658464175478,,0.721483213426,1.21551415489,,0.789627736427,,,,,,,0.719935439154,,0.81659069057,0.658464175478,,0.721483213426,1.21551415489,,0.789627736427,,,,,,
